,pointForecast,positionType,product_name,strategy_name,forecastDay,forecastDiff,maDiff,percDiff,retScore
0,25.106927258340644,short,CORN,arma_ma,1,-0.016090495646167824,-0.03229999542236328,-0.06415668139998201,1.2110844668555492
1,25.099547901697143,short,CORN,arma_ma,2,-0.016090495646167824,-0.03229999542236328,-0.06415668139998201,1.2110844668555492
2,25.08657163225149,short,CORN,arma_ma,3,-0.016090495646167824,-0.03229999542236328,-0.06415668139998201,1.2110844668555492
3,25.072797784711934,short,CORN,arma_ma,4,-0.016090495646167824,-0.03229999542236328,-0.06415668139998201,1.2110844668555492
4,25.058910267293285,short,CORN,arma_ma,5,-0.016090495646167824,-0.03229999542236328,-0.06415668139998201,1.2110844668555492
