,pointForecast,positionType,product_name,strategy_name,forecastDay,forecastDiff,maDiff,percDiff,retScore
0,26.919821530431282,short,SOYB,arma_ma,1,-0.06815573041680878,-0.021400032043459305,-0.25168290475933386,5.991579451365909
1,26.917779563688928,short,SOYB,arma_ma,2,-0.06815573041680878,-0.021400032043459305,-0.25168290475933386,5.991579451365909
2,26.91231086319714,short,SOYB,arma_ma,3,-0.06815573041680878,-0.021400032043459305,-0.25168290475933386,5.991579451365909
3,26.907085891289466,short,SOYB,arma_ma,4,-0.06815573041680878,-0.021400032043459305,-0.25168290475933386,5.991579451365909
4,26.90184358293768,short,SOYB,arma_ma,5,-0.06815573041680878,-0.021400032043459305,-0.25168290475933386,5.991579451365909
