,pointForecast,positionType,product_name,strategy_name,forecastDay,forecastDiff,maDiff,percDiff,retScore
0,105.05274000885964,short,TLT,arma_ma,1,-0.03736369308221299,-0.05322372436523892,-0.03499128442531625,3.5767268330072315
1,105.05784832152023,short,TLT,arma_ma,2,-0.03736369308221299,-0.05322372436523892,-0.03499128442531625,3.5767268330072315
2,105.03148497440212,short,TLT,arma_ma,3,-0.03736369308221299,-0.05322372436523892,-0.03499128442531625,3.5767268330072315
3,104.99047221840625,short,TLT,arma_ma,4,-0.03736369308221299,-0.05322372436523892,-0.03499128442531625,3.5767268330072315
4,104.94263966385138,short,TLT,arma_ma,5,-0.03736369308221299,-0.05322372436523892,-0.03499128442531625,3.5767268330072315
