,pointForecast,positionType,product_name,strategy_name,forecastDay,forecastDiff,maDiff,percDiff,retScore
0,6.932261344778768,short,WEAT,arma_ma,1,-0.0636921974770992,-0.015499992370605398,-0.9164345212238753,3.377083260855712
1,6.919523002130634,short,WEAT,arma_ma,2,-0.0636921974770992,-0.015499992370605398,-0.9164345212238753,3.377083260855712
2,6.906784659481849,short,WEAT,arma_ma,3,-0.0636921974770992,-0.015499992370605398,-0.9164345212238753,3.377083260855712
3,6.894046316833063,short,WEAT,arma_ma,4,-0.0636921974770992,-0.015499992370605398,-0.9164345212238753,3.377083260855712
4,6.881307974184278,short,WEAT,arma_ma,5,-0.0636921974770992,-0.015499992370605398,-0.9164345212238753,3.377083260855712
