,pointForecast,positionType,product_name,strategy_name,forecastDay,forecastDiff,maDiff,percDiff,retScore
0,87.2390961794933,no_position,XLE,arma_ma,1,0.2502643183976261,-0.003188629150386646,0.29216006035302955,10.855757054344828
1,87.16176713453443,no_position,XLE,arma_ma,2,0.2502643183976261,-0.003188629150386646,0.29216006035302955,10.855757054344828
2,87.30181882244698,no_position,XLE,arma_ma,3,0.2502643183976261,-0.003188629150386646,0.29216006035302955,10.855757054344828
3,87.33577251855338,no_position,XLE,arma_ma,4,0.2502643183976261,-0.003188629150386646,0.29216006035302955,10.855757054344828
4,87.34026065628825,no_position,XLE,arma_ma,5,0.2502643183976261,-0.003188629150386646,0.29216006035302955,10.855757054344828
