,pointForecast,positionType,product_name,strategy_name,forecastDay,forecastDiff,maDiff,percDiff,retScore
0,75.12909398786921,no_position,XLP,arma_ma,1,-0.019721509603598975,0.023114318847646587,-0.026169731215328573,1.8045742498322763
1,75.12537286079866,no_position,XLP,arma_ma,2,-0.019721509603598975,0.023114318847646587,-0.026169731215328573,1.8045742498322763
2,75.12065921209346,no_position,XLP,arma_ma,3,-0.019721509603598975,0.023114318847646587,-0.026169731215328573,1.8045742498322763
3,75.11558321295942,no_position,XLP,arma_ma,4,-0.019721509603598975,0.023114318847646587,-0.026169731215328573,1.8045742498322763
4,75.11037492594328,no_position,XLP,arma_ma,5,-0.019721509603598975,0.023114318847646587,-0.026169731215328573,1.8045742498322763
