,pointForecast,positionType,product_name,strategy_name,forecastDay,forecastDiff,maDiff,percDiff,retScore
0,68.78521475021138,no_position,XLU,arma_ma,1,-0.09891982821265799,0.002027740478510509,-0.1419833943052269,6.951024213984701
1,68.76543118189755,no_position,XLU,arma_ma,2,-0.09891982821265799,0.002027740478510509,-0.1419833943052269,6.951024213984701
2,68.74564761358607,no_position,XLU,arma_ma,3,-0.09891982821265799,0.002027740478510509,-0.1419833943052269,6.951024213984701
3,68.7258640452746,no_position,XLU,arma_ma,4,-0.09891982821265799,0.002027740478510509,-0.1419833943052269,6.951024213984701
4,68.70608047696312,no_position,XLU,arma_ma,5,-0.09891982821265799,0.002027740478510509,-0.1419833943052269,6.951024213984701
