,pointForecast,positionType,product_name,strategy_name,forecastDay,forecastDiff,maDiff,percDiff,retScore
0,134.36167631335113,no_position,XLV,arma_ma,1,-0.04160043164810645,0.018011474609380684,-0.031177721600562827,3.443826120979555
1,134.35335590639744,no_position,XLV,arma_ma,2,-0.04160043164810645,0.018011474609380684,-0.031177721600562827,3.443826120979555
2,134.34503549944475,no_position,XLV,arma_ma,3,-0.04160043164810645,0.018011474609380684,-0.031177721600562827,3.443826120979555
3,134.33671509249208,no_position,XLV,arma_ma,4,-0.04160043164810645,0.018011474609380684,-0.031177721600562827,3.443826120979555
4,134.3283946855394,no_position,XLV,arma_ma,5,-0.04160043164810645,0.018011474609380684,-0.031177721600562827,3.443826120979555
