,pointForecast,positionType,product_name,strategy_name,forecastDay,forecastDiff,maDiff,percDiff,retScore
0,146.46855199470798,short,XLY,arma_ma,1,-0.6366009703737063,-0.08678070068359034,-0.43731602551605686,39.59751637988053
1,146.49988296252474,short,XLY,arma_ma,2,-0.6366009703737063,-0.08678070068359034,-0.43731602551605686,39.59751637988053
2,146.2773225604826,short,XLY,arma_ma,3,-0.6366009703737063,-0.08678070068359034,-0.43731602551605686,39.59751637988053
3,146.28267333401416,short,XLY,arma_ma,4,-0.6366009703737063,-0.08678070068359034,-0.43731602551605686,39.59751637988053
4,146.08340025032942,short,XLY,arma_ma,5,-0.6366009703737063,-0.08678070068359034,-0.43731602551605686,39.59751637988053
