,pointForecast,positionType,product_name,strategy_name,forecastDay,forecastDiff,maDiff,percDiff,retScore
0,133.8502077961603,short,XOP,arma_ma,1,-0.15931596758053956,-0.053670349121091476,-0.11978644178987938,5.1320609436872395
1,133.78822648875723,short,XOP,arma_ma,2,-0.15931596758053956,-0.053670349121091476,-0.11978644178987938,5.1320609436872395
2,133.7278966702853,short,XOP,arma_ma,3,-0.15931596758053956,-0.053670349121091476,-0.11978644178987938,5.1320609436872395
3,133.72311733600705,short,XOP,arma_ma,4,-0.15931596758053956,-0.053670349121091476,-0.11978644178987938,5.1320609436872395
4,133.74067792890384,short,XOP,arma_ma,5,-0.15931596758053956,-0.053670349121091476,-0.11978644178987938,5.1320609436872395
