,pointForecast,positionType,product_name,strategy_name,forecastDay,forecastDiff,maDiff,percDiff,retScore
0,62.039068374057074,short,XRT,arma_ma,1,-0.19935413803003854,-0.19970909118652003,-0.3183553839515185,9.892788639415475
1,61.981661226316916,short,XRT,arma_ma,2,-0.19935413803003854,-0.19970909118652003,-0.3183553839515185,9.892788639415475
2,61.94849602231676,short,XRT,arma_ma,3,-0.19935413803003854,-0.19970909118652003,-0.3183553839515185,9.892788639415475
3,61.8992161638143,short,XRT,arma_ma,4,-0.19935413803003854,-0.19970909118652003,-0.3183553839515185,9.892788639415475
4,61.86064723526098,short,XRT,arma_ma,5,-0.19935413803003854,-0.19970909118652003,-0.3183553839515185,9.892788639415475
