,pointForecast,positionType,product_name,strategy_name,forecastDay,forecastDiff,maDiff,percDiff,retScore
0,78.45832512932776,short,XTL,arma_ma,1,-0.14778254433232973,-0.1829438781738162,-0.1838548760662537,9.569937891654567
1,78.44861743611868,short,XTL,arma_ma,2,-0.14778254433232973,-0.1829438781738162,-0.1838548760662537,9.569937891654567
2,78.37425861040853,short,XTL,arma_ma,3,-0.14778254433232973,-0.1829438781738162,-0.1838548760662537,9.569937891654567
3,78.31554197661563,short,XTL,arma_ma,4,-0.14778254433232973,-0.1829438781738162,-0.1838548760662537,9.569937891654567
4,78.29721715049189,short,XTL,arma_ma,5,-0.14778254433232973,-0.1829438781738162,-0.1838548760662537,9.569937891654567
