,pointForecast,positionType,product_name,strategy_name,forecastDay,forecastDiff,maDiff,percDiff,retScore
0,12.370874603367241,long,CANE,arma_ma,1,0.045879485893562943,0.042899990081787465,0.37606136566264814,3.464496919311843
1,12.381094530513895,long,CANE,arma_ma,2,0.045879485893562943,0.042899990081787465,0.37606136566264814,3.464496919311843
2,12.391008958887953,long,CANE,arma_ma,3,0.045879485893562943,0.042899990081787465,0.37606136566264814,3.464496919311843
3,12.400944862787329,long,CANE,arma_ma,4,0.045879485893562943,0.042899990081787465,0.37606136566264814,3.464496919311843
4,12.410879257011727,long,CANE,arma_ma,5,0.045879485893562943,0.042899990081787465,0.37606136566264814,3.464496919311843
