,pointForecast,positionType,product_name,strategy_name,forecastDay,forecastDiff,maDiff,percDiff,retScore
0,25.15575306981595,short,CPER,arma_ma,1,-0.06537932521407441,-0.005400009155270169,-0.2680579206649041,4.474250187946725
1,25.142958603078906,short,CPER,arma_ma,2,-0.06537932521407441,-0.005400009155270169,-0.2680579206649041,4.474250187946725
2,25.13017921419853,short,CPER,arma_ma,3,-0.06537932521407441,-0.005400009155270169,-0.2680579206649041,4.474250187946725
3,25.117399981826917,short,CPER,arma_ma,4,-0.06537932521407441,-0.005400009155270169,-0.2680579206649041,4.474250187946725
4,25.10462075107987,short,CPER,arma_ma,5,-0.06537932521407441,-0.005400009155270169,-0.2680579206649041,4.474250187946725
