,pointForecast,positionType,product_name,strategy_name,forecastDay,forecastDiff,maDiff,percDiff,retScore
0,82.91008276180844,short,IYR,arma_ma,1,-0.46722307492910886,-0.19204681396485057,-0.5520773840155584,30.548722377841777
1,82.82927020017176,short,IYR,arma_ma,2,-0.46722307492910886,-0.19204681396485057,-0.5520773840155584,30.548722377841777
2,82.75040134913957,short,IYR,arma_ma,3,-0.46722307492910886,-0.19204681396485057,-0.5520773840155584,30.548722377841777
3,82.67158714813182,short,IYR,arma_ma,4,-0.46722307492910886,-0.19204681396485057,-0.5520773840155584,30.548722377841777
4,82.59277448366464,short,IYR,arma_ma,5,-0.46722307492910886,-0.19204681396485057,-0.5520773840155584,30.548722377841777
