,pointForecast,positionType,product_name,strategy_name,forecastDay,forecastDiff,maDiff,percDiff,retScore
0,80.84173817330493,short,XLB,arma_ma,1,-0.11367458102358796,-0.07941970825194744,-0.14207546305277918,7.386984237550119
1,80.81846897571084,short,XLB,arma_ma,2,-0.11367458102358796,-0.07941970825194744,-0.14207546305277918,7.386984237550119
2,80.79714923782115,short,XLB,arma_ma,3,-0.11367458102358796,-0.07941970825194744,-0.14207546305277918,7.386984237550119
3,80.77659026225416,short,XLB,arma_ma,4,-0.11367458102358796,-0.07941970825194744,-0.14207546305277918,7.386984237550119
4,80.75632816555844,short,XLB,arma_ma,5,-0.11367458102358796,-0.07941970825194744,-0.14207546305277918,7.386984237550119
