,pointForecast,positionType,product_name,strategy_name,forecastDay,forecastDiff,maDiff,percDiff,retScore
0,32.83219696705638,short,XLF,arma_ma,1,-0.06332027187725231,-0.07078887939453438,-0.19750551829359567,3.7479336622384234
1,32.818356928270674,short,XLF,arma_ma,2,-0.06332027187725231,-0.07078887939453438,-0.19750551829359567,3.7479336622384234
2,32.80446487912783,short,XLF,arma_ma,3,-0.06332027187725231,-0.07078887939453438,-0.19750551829359567,3.7479336622384234
3,32.790572381849856,short,XLF,arma_ma,4,-0.06332027187725231,-0.07078887939453438,-0.19750551829359567,3.7479336622384234
4,32.77667988071064,short,XLF,arma_ma,5,-0.06332027187725231,-0.07078887939453438,-0.19750551829359567,3.7479336622384234
