,pointForecast,positionType,product_name,strategy_name,forecastDay,forecastDiff,maDiff,percDiff,retScore
0,99.71068885595905,no_position,XLI,arma_ma,1,0.04166143996226879,-0.04931610107421136,0.042227284021750924,2.7695866281671995
1,99.719666428021,no_position,XLI,arma_ma,2,0.04166143996226879,-0.04931610107421136,0.042227284021750924,2.7695866281671995
2,99.72866528361526,no_position,XLI,arma_ma,3,0.04166143996226879,-0.04931610107421136,0.042227284021750924,2.7695866281671995
3,99.73766427687092,no_position,XLI,arma_ma,4,0.04166143996226879,-0.04931610107421136,0.042227284021750924,2.7695866281671995
4,99.74666327101694,no_position,XLI,arma_ma,5,0.04166143996226879,-0.04931610107421136,0.042227284021750924,2.7695866281671995
