,pointForecast,positionType,product_name,strategy_name,forecastDay,forecastDiff,maDiff,percDiff,retScore
0,148.34831525822202,no_position,XLK,arma_ma,1,-0.3318678007754272,0.19153045654297784,-0.22274500875204942,18.870678012791714
1,148.27502123732125,no_position,XLK,arma_ma,2,-0.3318678007754272,0.19153045654297784,-0.22274500875204942,18.870678012791714
2,148.209344824097,no_position,XLK,arma_ma,3,-0.3318678007754272,0.19153045654297784,-0.22274500875204942,18.870678012791714
3,148.15059014714205,no_position,XLK,arma_ma,4,-0.3318678007754272,0.19153045654297784,-0.22274500875204942,18.870678012791714
4,148.09812487500582,no_position,XLK,arma_ma,5,-0.3318678007754272,0.19153045654297784,-0.22274500875204942,18.870678012791714
